,N,P,K,temperature,humidity,ph,rainfall
count,46200.0,46200.0,46200.0,46200.0,46200.0,46200.0,46200.0
mean,50.306791366578466,53.02830675690691,47.76629720886234,25.62188809155208,71.46247706662054,6.463922623145361,103.44899175720644
std,36.909797408700804,32.94492580023877,50.62771829846447,4.895034755657083,22.1971268613942,0.69934301025937,54.92030022015165
min,-4.981242972738584,-0.4432644051582253,-0.6068442935763914,8.771441397854673,12.122533712626153,3.4604423575358,12.71978032642198
25%,20.797735565693998,27.0,20.0,22.73025812573539,60.14490931926774,5.9910900107909155,64.67614756160367
50%,36.0,51.0,31.0,25.60153969,80.52465278439462,6.438278664154266,94.90381566633802
75%,84.68505439039315,67.88761100328135,48.619458204493064,28.522963949765284,89.75070086984319,6.873872528944773,124.04423774695442
max,143.36580773642615,148.47436203301524,211.0891252366576,44.01162002648693,101.5642590404368,9.994928951625118,301.8749631285497
